Workbook

Sheet Data
A1: Product | B1: Units Sold | C1: Price per Unit | D1: Sales Rep
A2: Pen | B2: 10 | C2: 5 | D2: Alice
A3: Notebook | B3: 15 | C3: 12 | D3: Bob
A4: Pencil | B4: 20 | C4: 2 | D4: Charlie
A5: Eraser | B5: 5 | C5: 1 | D5: Alice
A6: Pen | B6: 8 | C6: 5 | D6: Bob
A7: Notebook | B7: 12 | C7: 12 | D7: Charlie
A8: Pencil | B8: 25 | C8: 2 | D8: Alice
A9: Eraser | B9: 7 | C9: 1 | D9: Bob

Sheet Sales
A1: Product | B1: Units Sold | C1: Price per Unit | D1: Sales Rep | E1: Total Sales column | G1: uses trim | H1: Non printable
A2: Pen | B2: 10 | C2: 5 | D2: Alice | E2: =B2*C2 -> 50 | G2: =TRIM(E2) -> 50 | H2: {=CLEAN(C2:C9)} -> 5
A3: Notebook | B3: 15 | C3: 12 | D3: Bob | E3: =B3*C3 -> 180 | G3: =TRIM(B13) -> 5 | H3: 12
A4: Pencil | B4: 20 | C4: 2 | D4: Charlie | E4: =B4*C4 -> 40 | G4: {=TRIM(E2:E9)} -> 50 | H4: 2
A5: Eraser | B5: 5 | C5: 1 | D5: Alice | E5: =B5*C5 -> 5 | G5: 180 | H5: 1
A6: Pen | B6: 8 | C6: 5 | D6: Bob | E6: =B6*C6 -> 40 | G6: 40 | H6: 5
A7: Notebook | B7: 12 | C7: 12 | D7: Charlie | E7: =B7*C7 -> 144 | G7: 5 | H7: 12
A8: Pencil | B8: 25 | C8: 2 | D8: Alice | E8: =B8*C8 -> 50 | G8: 40 | H8: 2
A9: Eraser | B9: 7 | C9: 1 | D9: Bob | E9: =B9*C9 -> 7 | G9: 144 | H9: 1
G10: 50
G11: 7
A12: Total unit sold | B12: Avg price per unit | C12: Highest total sales | D12: Lowest Total sales | G12: =TRIM(A2) -> Pen
A13: =SUM(B2:B9) -> 102 | B13: =AVERAGE(C2:C9) -> 5 | C13: =MAX(C2:C9) -> 12 | D13: =MIN(C2:C9) -> 1

Sheet summary
A1: Product | B1: Total Units Sold | C1: Total Sales | D1: Average Price
A2: Pen | B2: =SUMIF(Sales!A:A, A2, Sales!B:B) -> 18 | C2: =SUMIF(Sales!A:A,A2,Sales!E:DE) -> 90 | D2: =AVERAGEIF(Sales!A:A, A2, Sales!C:C) -> 5
A3: Notebook | B3: =SUMIF(Sales!A:A, A3, Sales!B:B) -> 27 | C3: =SUMIF(Sales!A:A,A3,Sales!E:DE) -> 324 | D3: =AVERAGEIF(Sales!A:A, A3, Sales!C:C) -> 12
A4: Pencil | B4: =SUMIF(Sales!A:A, A4, Sales!B:B) -> 45 | C4: =SUMIF(Sales!A:A,A4,Sales!E:DE) -> 90 | D4: =AVERAGEIF(Sales!A:A, A4, Sales!C:C) -> 2
A5: Eraser | B5: =SUMIF(Sales!A:A, A5, Sales!B:B) -> 12 | C5: =SUMIF(Sales!A:A,A5,Sales!E:DE) -> 12 | D5: =AVERAGEIF(Sales!A:A, A5, Sales!C:C) -> 1
